Topic ID,Num Posts,Views,Score,Favorites,Comments,Popularity,Accepted,Answer Hours,Answer Views,Difficulty
TOPIC 0,627.0,1485201.0,1807.0,752.0,1018.0,10.73766153206915,262.0,141154.21944444446,1.0007337470004614,69.62745527053687
TOPIC 1,650.0,990830.0,961.0,491.0,947.0,7.0570816941028385,333.0,47486.626111111116,1.626340984816698,38.483651841134346
TOPIC 2,816.0,1904452.0,1928.0,1131.0,1713.0,11.25470454166215,447.0,189905.32277777782,1.5442427614708671,60.77636658881406
Security,2093.0,4380483.0,4696.0,2374.0,3678.0,9.835952061635265,1042.0,378546.1683333333,4.1713174932880275,56.699910374611136
General,2093.0,3840275.0,4397.0,1620.0,3676.0,8.508110048139402,1229.0,379499.51916666667,8.485086844833317,42.389415472075896
