Topic ID,Num Posts,Views,Score,Favorites,Comments,Popularity,Accepted,Answer Hours,Answer Views,Difficulty
TOPIC 0,313.0,661286.0,332.0,102.0,549.0,5.982471585233818,134.0,50008.20277777778,0.7290474267210696,54.31356815419447
TOPIC 1,311.0,1177109.0,689.0,159.0,583.0,9.468147310305172,145.0,104403.07805555557,0.6594098111492563,69.76700746011235
TOPIC 2,301.0,990045.0,557.0,171.0,566.0,8.979748478222373,162.0,68153.33583333332,0.7130587771776064,56.20881413759941
TOPIC 3,89.0,314827.0,170.0,34.0,152.0,8.148371905034612,45.0,8376.821388888888,0.2929852279882415,38.38283137400453
TOPIC 4,255.0,728236.0,372.0,133.0,559.0,8.307674128061674,109.0,31041.442777777767,0.4497356035687503,54.45437406738026
TOPIC 5,373.0,2009353.0,789.0,271.0,675.0,11.063505213060361,180.0,27174.296111111107,0.6214235967437177,44.916126534964285
TOPIC 6,140.0,549709.0,394.0,146.0,229.0,11.71726672783026,65.0,52479.91833333333,0.13207315580311066,94.94332232825529
Security,1782.0,6430565.0,3303.0,1016.0,3313.0,9.176150180493783,840.0,341637.09527777776,3.5977335991517525,58.62121435835464
General,1782.0,5295480.0,3118.0,778.0,3194.0,7.9866800774864855,947.0,230758.27361111113,7.541408733452733,38.614834169039135
