Topic ID,Category,Sub-Category,Frequency,Norm Frequency,Share,Norm Share
0,Access Control,Authorization,313,0.17564534231200898,311.2217353048036,0.1746474384426507
1,Secure Development,Implementation,311,0.1745230078563412,301.346219274943,0.16910562248874467
2,Cryptography,Encryption,301,0.16891133557800225,301.3585500837653,0.16911254213454843
3,Secure Development,Implementation,89,0.04994388327721661,112.7857454676996,0.06329166412328821
4,Access Control,Authentication,255,0.14309764309764308,239.72419672214892,0.1345253629192755
5,Access Control,Authentication,373,0.20931537598204264,361.3660480436956,0.2027867834139706
6,Network Security,Digital Certificates,140,0.07856341189674523,154.19750468280108,0.08653058624175144
