Topic ID,Category,Sub-Category,Frequency,Norm Frequency,Share,Norm Share
0,Secure Development,Implementation,101,0.11799065420560748,112.31138494928018,0.13120488895943946
1,Access Control,Tokens,147,0.17172897196261683,147.91650388372364,0.1727996540697706
2,Access Control,Authentication,94,0.10981308411214953,96.51722887752112,0.11275377205317888
3,Secure Development,Implementation,92,0.10747663551401869,96.37482199686929,0.11258740887484729
4,Secure Development,Implementation,76,0.08878504672897196,79.35794106895628,0.0927078750805564
5,Software Vulnerabilities,Network Exploits,81,0.09462616822429906,83.5665993674047,0.09762453197126718
6,Secure Development,Implementation,98,0.11448598130841121,92.50841873689933,0.10807058263656463
7,Access Control,Authentication,167,0.19509345794392524,147.4471020736164,0.17225128746917803
