Topic ID,Category,Sub-Category,Frequency,Norm Frequency,Share,Norm Share
0,Cryptography,Encryption,50,0.023540489642184557,239.18675709620584,0.11261146755941895
1,Secure Development,Implementation,490,0.23069679849340866,372.92960404779296,0.17557890962702116
2,Cryptography,Encryption,283,0.1332391713747646,295.97961713327095,0.1393501022284703
3,Secure Development,Implementation,180,0.0847457627118644,293.49880181078333,0.13818211008040646
4,Data Security,Password/Data Storage,45,0.0211864406779661,240.0599092785269,0.11302255615749854
5,Access Control,Authentication,387,0.18220338983050846,316.9860468644183,0.14924013505857736
6,Network Security,Digital Certificates,689,0.3243879472693032,365.3592654163949,0.17201472006421606
